{
  "country": [
    {
      "name": "Afghanistan",
      "code": "af",
      "phoneCode": "93"
    },
    {
      "name": "Albania",
      "code": "al",
      "phoneCode": "355"
    },
    {
      "name": "Algeria",
      "code": "dz",
      "phoneCode": "213"
    },
    {
      "name": "Andorra",
      "code": "ad",
      "phoneCode": "376"
    },
    {
      "name": "Angola",
      "code": "ao",
      "phoneCode": "244"
    },
    {
      "name": "Antarctica",
      "code": "aq",
      "phoneCode": "672"
    },
    {
      "name": "Argentina",
      "code": "ar",
      "phoneCode": "54"
    },
    {
      "name": "Armenia",
      "code": "am",
      "phoneCode": "374"
    },
    {
      "name": "Aruba",
      "code": "aw",
      "phoneCode": "297"
    },
    {
      "name": "Australia",
      "code": "au",
      "phoneCode": "61"
    },
    {
      "name": "Austria",
      "code": "at",
      "phoneCode": "43"
    },
    {
      "name": "Azerbaijan",
      "code": "az",
      "phoneCode": "994"
    },
    {
      "name": "Bahrain",
      "code": "bh",
      "phoneCode": "973"
    },
    {
      "name": "Bangladesh",
      "code": "bd",
      "phoneCode": "880"
    },
    {
      "name": "Belarus",
      "code": "by",
      "phoneCode": "375"
    },
    {
      "name": "Belgium",
      "code": "be",
      "phoneCode": "32"
    },
    {
      "name": "Belize",
      "code": "bz",
      "phoneCode": "501"
    },
    {
      "name": "Benin",
      "code": "bj",
      "phoneCode": "229"
    },
    {
      "name": "Bhutan",
      "code": "bt",
      "phoneCode": "975"
    },
    {
      "name": "Bolivia, Plurinational State Of",
      "code": "bo",
      "phoneCode": "591"
    },
    {
      "name": "Bosnia And Herzegovina",
      "code": "ba",
      "phoneCode": "387"
    },
    {
      "name": "Botswana",
      "code": "bw",
      "phoneCode": "267"
    },
    {
      "name": "Brazil",
      "code": "br",
      "phoneCode": "55"
    },
    {
      "name": "Brunei Darussalam",
      "code": "bn",
      "phoneCode": "673"
    },
    {
      "name": "Bulgaria",
      "code": "bg",
      "phoneCode": "359"
    },
    {
      "name": "Burkina Faso",
      "code": "bf",
      "phoneCode": "226"
    },
    {
      "name": "Myanmar",
      "code": "mm",
      "phoneCode": "95"
    },
    {
      "name": "Burundi",
      "code": "bi",
      "phoneCode": "257"
    },
    {
      "name": "Cambodia",
      "code": "kh",
      "phoneCode": "855"
    },
    {
      "name": "Cameroon",
      "code": "cm",
      "phoneCode": "237"
    },
    {
      "name": "Canada",
      "code": "ca",
      "phoneCode": "1"
    },
    {
      "name": "Cape Verde",
      "code": "cv",
      "phoneCode": "238"
    },
    {
      "name": "Central African Republic",
      "code": "cf",
      "phoneCode": "236"
    },
    {
      "name": "Chad",
      "code": "td",
      "phoneCode": "235"
    },
    {
      "name": "Chile",
      "code": "cl",
      "phoneCode": "56"
    },
    {
      "name": "China",
      "code": "cn",
      "phoneCode": "86"
    },
    {
      "name": "Christmas Island",
      "code": "cx",
      "phoneCode": "61"
    },
    {
      "name": "Cocos (keeling) Islands",
      "code": "cc",
      "phoneCode": "61"
    },
    {
      "name": "Colombia",
      "code": "co",
      "phoneCode": "57"
    },
    {
      "name": "Comoros",
      "code": "km",
      "phoneCode": "269"
    },
    {
      "name": "Congo",
      "code": "cg",
      "phoneCode": "242"
    },
    {
      "name": "Congo, The Democratic Republic Of The",
      "code": "cd",
      "phoneCode": "243"
    },
    {
      "name": "Cook Islands",
      "code": "ck",
      "phoneCode": "682"
    },
    {
      "name": "Costa Rica",
      "code": "cr",
      "phoneCode": "506"
    },
    {
      "name": "Croatia",
      "code": "hr",
      "phoneCode": "385"
    },
    {
      "name": "Cuba",
      "code": "cu",
      "phoneCode": "53"
    },
    {
      "name": "Cyprus",
      "code": "cy",
      "phoneCode": "357"
    },
    {
      "name": "Czech Republic",
      "code": "cz",
      "phoneCode": "420"
    },
    {
      "name": "Denmark",
      "code": "dk",
      "phoneCode": "45"
    },
    {
      "name": "Djibouti",
      "code": "dj",
      "phoneCode": "253"
    },
    {
      "name": "Timorleste",
      "code": "tl",
      "phoneCode": "670"
    },
    {
      "name": "Ecuador",
      "code": "ec",
      "phoneCode": "593"
    },
    {
      "name": "Egypt",
      "code": "eg",
      "phoneCode": "20"
    },
    {
      "name": "El Salvador",
      "code": "sv",
      "phoneCode": "503"
    },
    {
      "name": "Equatorial Guinea",
      "code": "gq",
      "phoneCode": "240"
    },
    {
      "name": "Eritrea",
      "code": "er",
      "phoneCode": "291"
    },
    {
      "name": "Estonia",
      "code": "ee",
      "phoneCode": "372"
    },
    {
      "name": "Ethiopia",
      "code": "et",
      "phoneCode": "251"
    },
    {
      "name": "Falkland Islands (malvinas)",
      "code": "fk",
      "phoneCode": "500"
    },
    {
      "name": "Faroe Islands",
      "code": "fo",
      "phoneCode": "298"
    },
    {
      "name": "Fiji",
      "code": "fj",
      "phoneCode": "679"
    },
    {
      "name": "Finland",
      "code": "fi",
      "phoneCode": "358"
    },
    {
      "name": "France",
      "code": "fr",
      "phoneCode": "33"
    },
    {
      "name": "French Polynesia",
      "code": "pf",
      "phoneCode": "689"
    },
    {
      "name": "Gabon",
      "code": "ga",
      "phoneCode": "241"
    },
    {
      "name": "Gambia",
      "code": "gm",
      "phoneCode": "220"
    },
    {
      "name": "Georgia",
      "code": "ge",
      "phoneCode": "995"
    },
    {
      "name": "Germany",
      "code": "de",
      "phoneCode": "49"
    },
    {
      "name": "Ghana",
      "code": "gh",
      "phoneCode": "233"
    },
    {
      "name": "Gibraltar",
      "code": "gi",
      "phoneCode": "350"
    },
    {
      "name": "Greece",
      "code": "gr",
      "phoneCode": "30"
    },
    {
      "name": "Greenland",
      "code": "gl",
      "phoneCode": "299"
    },
    {
      "name": "Guatemala",
      "code": "gt",
      "phoneCode": "502"
    },
    {
      "name": "Guinea",
      "code": "gn",
      "phoneCode": "224"
    },
    {
      "name": "Guineabissau",
      "code": "gw",
      "phoneCode": "245"
    },
    {
      "name": "Guyana",
      "code": "gy",
      "phoneCode": "592"
    },
    {
      "name": "Haiti",
      "code": "ht",
      "phoneCode": "509"
    },
    {
      "name": "Honduras",
      "code": "hn",
      "phoneCode": "504"
    },
    {
      "name": "Hong Kong",
      "code": "hk",
      "phoneCode": "852"
    },
    {
      "name": "Hungary",
      "code": "hu",
      "phoneCode": "36"
    },
    {
      "name": "India",
      "code": "in",
      "phoneCode": "91"
    },
    {
      "name": "Indonesia",
      "code": "id",
      "phoneCode": "62"
    },
    {
      "name": "Iran, Islamic Republic Of",
      "code": "ir",
      "phoneCode": "98"
    },
    {
      "name": "Iraq",
      "code": "iq",
      "phoneCode": "964"
    },
    {
      "name": "Ireland",
      "code": "ie",
      "phoneCode": "353"
    },
    {
      "name": "Isle Of Man",
      "code": "im",
      "phoneCode": "44"
    },
    {
      "name": "Israel",
      "code": "il",
      "phoneCode": "972"
    },
    {
      "name": "Italy",
      "code": "it",
      "phoneCode": "39"
    },
    {
      "name": "Côte D'ivoire",
      "code": "ci",
      "phoneCode": "225"
    },
    {
      "name": "Japan",
      "code": "jp",
      "phoneCode": "81"
    },
    {
      "name": "Jordan",
      "code": "jo",
      "phoneCode": "962"
    },
    {
      "name": "Kazakhstan",
      "code": "kz",
      "phoneCode": "7"
    },
    {
      "name": "Kenya",
      "code": "ke",
      "phoneCode": "254"
    },
    {
      "name": "Kiribati",
      "code": "ki",
      "phoneCode": "686"
    },
    {
      "name": "Kuwait",
      "code": "kw",
      "phoneCode": "965"
    },
    {
      "name": "Kyrgyzstan",
      "code": "kg",
      "phoneCode": "996"
    },
    {
      "name": "Lao People's Democratic Republic",
      "code": "la",
      "phoneCode": "856"
    },
    {
      "name": "Latvia",
      "code": "lv",
      "phoneCode": "371"
    },
    {
      "name": "Lebanon",
      "code": "lb",
      "phoneCode": "961"
    },
    {
      "name": "Lesotho",
      "code": "ls",
      "phoneCode": "266"
    },
    {
      "name": "Liberia",
      "code": "lr",
      "phoneCode": "231"
    },
    {
      "name": "Libya",
      "code": "ly",
      "phoneCode": "218"
    },
    {
      "name": "Liechtenstein",
      "code": "li",
      "phoneCode": "423"
    },
    {
      "name": "Lithuania",
      "code": "lt",
      "phoneCode": "370"
    },
    {
      "name": "Luxembourg",
      "code": "lu",
      "phoneCode": "352"
    },
    {
      "name": "Macao",
      "code": "mo",
      "phoneCode": "853"
    },
    {
      "name": "Macedonia, The Former Yugoslav Republic Of",
      "code": "mk",
      "phoneCode": "389"
    },
    {
      "name": "Madagascar",
      "code": "mg",
      "phoneCode": "261"
    },
    {
      "name": "Malawi",
      "code": "mw",
      "phoneCode": "265"
    },
    {
      "name": "Malaysia",
      "code": "my",
      "phoneCode": "60"
    },
    {
      "name": "Maldives",
      "code": "mv",
      "phoneCode": "960"
    },
    {
      "name": "Mali",
      "code": "ml",
      "phoneCode": "223"
    },
    {
      "name": "Malta",
      "code": "mt",
      "phoneCode": "356"
    },
    {
      "name": "Marshall Islands",
      "code": "mh",
      "phoneCode": "692"
    },
    {
      "name": "Mauritania",
      "code": "mr",
      "phoneCode": "222"
    },
    {
      "name": "Mauritius",
      "code": "mu",
      "phoneCode": "230"
    },
    {
      "name": "Mayotte",
      "code": "yt",
      "phoneCode": "262"
    },
    {
      "name": "Mexico",
      "code": "mx",
      "phoneCode": "52"
    },
    {
      "name": "Micronesia, Federated States Of",
      "code": "fm",
      "phoneCode": "691"
    },
    {
      "name": "Moldova, Republic Of",
      "code": "md",
      "phoneCode": "373"
    },
    {
      "name": "Monaco",
      "code": "mc",
      "phoneCode": "377"
    },
    {
      "name": "Mongolia",
      "code": "mn",
      "phoneCode": "976"
    },
    {
      "name": "Montenegro",
      "code": "me",
      "phoneCode": "382"
    },
    {
      "name": "Morocco",
      "code": "ma",
      "phoneCode": "212"
    },
    {
      "name": "Mozambique",
      "code": "mz",
      "phoneCode": "258"
    },
    {
      "name": "Namibia",
      "code": "na",
      "phoneCode": "264"
    },
    {
      "name": "Nauru",
      "code": "nr",
      "phoneCode": "674"
    },
    {
      "name": "Nepal",
      "code": "np",
      "phoneCode": "977"
    },
    {
      "name": "Netherlands",
      "code": "nl",
      "phoneCode": "31"
    },
    {
      "name": "New Caledonia",
      "code": "nc",
      "phoneCode": "687"
    },
    {
      "name": "New Zealand",
      "code": "nz",
      "phoneCode": "64"
    },
    {
      "name": "Nicaragua",
      "code": "ni",
      "phoneCode": "505"
    },
    {
      "name": "Niger",
      "code": "ne",
      "phoneCode": "227"
    },
    {
      "name": "Nigeria",
      "code": "ng",
      "phoneCode": "234"
    },
    {
      "name": "Niue",
      "code": "nu",
      "phoneCode": "683"
    },
    {
      "name": "Korea, Democratic People's Republic Of",
      "code": "kp",
      "phoneCode": "850"
    },
    {
      "name": "Norway",
      "code": "no",
      "phoneCode": "47"
    },
    {
      "name": "Oman",
      "code": "om",
      "phoneCode": "968"
    },
    {
      "name": "Pakistan",
      "code": "pk",
      "phoneCode": "92"
    },
    {
      "name": "Palau",
      "code": "pw",
      "phoneCode": "680"
    },
    {
      "name": "Panama",
      "code": "pa",
      "phoneCode": "507"
    },
    {
      "name": "Papua New Guinea",
      "code": "pg",
      "phoneCode": "675"
    },
    {
      "name": "Paraguay",
      "code": "py",
      "phoneCode": "595"
    },
    {
      "name": "Peru",
      "code": "pe",
      "phoneCode": "51"
    },
    {
      "name": "Philippines",
      "code": "ph",
      "phoneCode": "63"
    },
    {
      "name": "Pitcairn",
      "code": "pn",
      "phoneCode": "870"
    },
    {
      "name": "Poland",
      "code": "pl",
      "phoneCode": "48"
    },
    {
      "name": "Portugal",
      "code": "pt",
      "phoneCode": "351"
    },
    {
      "name": "Puerto Rico",
      "code": "pr",
      "phoneCode": "1"
    },
    {
      "name": "Qatar",
      "code": "qa",
      "phoneCode": "974"
    },
    {
      "name": "Romania",
      "code": "ro",
      "phoneCode": "40"
    },
    {
      "name": "Russian Federation",
      "code": "ru",
      "phoneCode": "7"
    },
    {
      "name": "Rwanda",
      "code": "rw",
      "phoneCode": "250"
    },
    {
      "name": "Saint Barthélemy",
      "code": "bl",
      "phoneCode": "590"
    },
    {
      "name": "Samoa",
      "code": "ws",
      "phoneCode": "685"
    },
    {
      "name": "San Marino",
      "code": "sm",
      "phoneCode": "378"
    },
    {
      "name": "Sao Tome And Principe",
      "code": "st",
      "phoneCode": "239"
    },
    {
      "name": "Saudi Arabia",
      "code": "sa",
      "phoneCode": "966"
    },
    {
      "name": "Senegal",
      "code": "sn",
      "phoneCode": "221"
    },
    {
      "name": "Serbia",
      "code": "rs",
      "phoneCode": "381"
    },
    {
      "name": "Seychelles",
      "code": "sc",
      "phoneCode": "248"
    },
    {
      "name": "Sierra Leone",
      "code": "sl",
      "phoneCode": "232"
    },
    {
      "name": "Singapore",
      "code": "sg",
      "phoneCode": "65"
    },
    {
      "name": "Slovakia",
      "code": "sk",
      "phoneCode": "421"
    },
    {
      "name": "Slovenia",
      "code": "si",
      "phoneCode": "386"
    },
    {
      "name": "Solomon Islands",
      "code": "sb",
      "phoneCode": "677"
    },
    {
      "name": "Somalia",
      "code": "so",
      "phoneCode": "252"
    },
    {
      "name": "South Africa",
      "code": "za",
      "phoneCode": "27"
    },
    {
      "name": "Korea, Republic Of",
      "code": "kr",
      "phoneCode": "82"
    },
    {
      "name": "Spain",
      "code": "es",
      "phoneCode": "34"
    },
    {
      "name": "Sri Lanka",
      "code": "lk",
      "phoneCode": "94"
    },
    {
      "name": "Saint Helena, Ascension And Tristan Da Cunha",
      "code": "sh",
      "phoneCode": "290"
    },
    {
      "name": "Saint Pierre And Miquelon",
      "code": "pm",
      "phoneCode": "508"
    },
    {
      "name": "Sudan",
      "code": "sd",
      "phoneCode": "249"
    },
    {
      "name": "Suriname",
      "code": "sr",
      "phoneCode": "597"
    },
    {
      "name": "Swaziland",
      "code": "sz",
      "phoneCode": "268"
    },
    {
      "name": "Sweden",
      "code": "se",
      "phoneCode": "46"
    },
    {
      "name": "Switzerland",
      "code": "ch",
      "phoneCode": "41"
    },
    {
      "name": "Syrian Arab Republic",
      "code": "sy",
      "phoneCode": "963"
    },
    {
      "name": "Taiwan, Province Of China",
      "code": "tw",
      "phoneCode": "886"
    },
    {
      "name": "Tajikistan",
      "code": "tj",
      "phoneCode": "992"
    },
    {
      "name": "Tanzania, United Republic Of",
      "code": "tz",
      "phoneCode": "255"
    },
    {
      "name": "Thailand",
      "code": "th",
      "phoneCode": "66"
    },
    {
      "name": "Togo",
      "code": "tg",
      "phoneCode": "228"
    },
    {
      "name": "Tokelau",
      "code": "tk",
      "phoneCode": "690"
    },
    {
      "name": "Tonga",
      "code": "to",
      "phoneCode": "676"
    },
    {
      "name": "Tunisia",
      "code": "tn",
      "phoneCode": "216"
    },
    {
      "name": "Turkey",
      "code": "tr",
      "phoneCode": "90"
    },
    {
      "name": "Turkmenistan",
      "code": "tm",
      "phoneCode": "993"
    },
    {
      "name": "Tuvalu",
      "code": "tv",
      "phoneCode": "688"
    },
    {
      "name": "United Arab Emirates",
      "code": "ae",
      "phoneCode": "971"
    },
    {
      "name": "Uganda",
      "code": "ug",
      "phoneCode": "256"
    },
    {
      "name": "United Kingdom",
      "code": "gb",
      "phoneCode": "44"
    },
    {
      "name": "Ukraine",
      "code": "ua",
      "phoneCode": "380"
    },
    {
      "name": "Uruguay",
      "code": "uy",
      "phoneCode": "598"
    },
    {
      "name": "United States",
      "code": "us",
      "phoneCode": "1"
    },
    {
      "name": "Uzbekistan",
      "code": "uz",
      "phoneCode": "998"
    },
    {
      "name": "Vanuatu",
      "code": "vu",
      "phoneCode": "678"
    },
    {
      "name": "Holy See (vatican City State)",
      "code": "va",
      "phoneCode": "39"
    },
    {
      "name": "Venezuela, Bolivarian Republic Of",
      "code": "ve",
      "phoneCode": "58"
    },
    {
      "name": "Viet Nam",
      "code": "vn",
      "phoneCode": "84"
    },
    {
      "name": "Wallis And Futuna",
      "code": "wf",
      "phoneCode": "681"
    },
    {
      "name": "Yemen",
      "code": "ye",
      "phoneCode": "967"
    },
    {
      "name": "Zambia",
      "code": "zm",
      "phoneCode": "260"
    },
    {
      "name": "Zimbabwe",
      "code": "zw",
      "phoneCode": "263"
    }
  ]
}